"%1 automation trigger(s) saved.","%1 automation trigger(s) saved."
"%1 automation(s) could not be saved. Pick a Smaily workflow for every enabled trigger, then save again.","%1 automation(s) could not be saved. Pick a Smaily workflow for every enabled trigger, then save again."
"%1 contact to import","%1 contact to import"
"%1 contacts to import","%1 contacts to import"
"%1 event(s) queued for retry, %2 skipped because sending again would not be safe.","%1 event(s) queued for retry, %2 skipped because sending again would not be safe."
"%1 event(s) queued for retry.","%1 event(s) queued for retry."
"%1 events failed in the last 24 hours","%1 events failed in the last 24 hours"
"%1 failed delivery(ies) in the last 24 hours.","%1 failed delivery(ies) in the last 24 hours."
"%1 of %2","%1 of %2"
"%1 order","%1 order"
"%1 orders","%1 orders"
"%1 product","%1 product"
"%1 products","%1 products"
"%1 Your saved automations are unchanged.","%1 Your saved automations are unchanged."
"-- Not Selected --","-- Not Selected --"
"1. Connect","1. Connect"
"2. Subscribers","2. Subscribers"
"3. Automations","3. Automations"
"4. Intelligence","4. Intelligence"
"5. Done","5. Done"
"A ""%1"" import to %2 is already running for website %3.","A ""%1"" import to %2 is already running for website %3."
"A delivery attempt is in progress right now.","A delivery attempt is in progress right now."
"A later message of this kind already reached this contact; sending again would deliver it twice.","A later message of this kind already reached this contact; sending again would deliver it twice."
"A major upgrade can bring new features and changed screens. Review the settings under Marketing > Smaily Connect > Settings, or re-run the initial setup — your saved configuration is untouched either way.","A major upgrade can bring new features and changed screens. Review the settings under Marketing > Smaily Connect > Settings, or re-run the initial setup — your saved configuration is untouched either way."
"A password is already saved — leave this empty to keep it.","A password is already saved — leave this empty to keep it."
"A product feed for the RSS block of the Smaily template editor. Optional query parameters filter by category and control the amount and order of products.","A product feed for the RSS block of the Smaily template editor. Optional query parameters filter by category and control the amount and order of products."
"A single Smaily account, but each language triggers its own automation workflow. The most common setup.","A single Smaily account, but each language triggers its own automation workflow. The most common setup."
"A single workflow that branches on the contact's language inside Smaily. The language is sent with every contact.","A single workflow that branches on the contact's language inside Smaily. The language is sent with every contact."
"A workflow is required when this trigger is enabled.","A workflow is required when this trigger is enabled."
"Abandoned cart","Abandoned cart"
"Abandoned Cart Cutoff (Minutes)","Abandoned Cart Cutoff (Minutes)"
"Abandoned Cart Workflow","Abandoned Cart Workflow"
"Account not active on the Smaily side","Account not active on the Smaily side"
"Actions","Actions"
"Active","Active"
"Adds a newsletter opt-in checkbox to the checkout payment step. Works for both guests and registered customers.","Adds a newsletter opt-in checkbox to the checkout payment step. Works for both guests and registered customers."
"All %1 automatic attempts are used up — this row will NOT retry on its own. Select it in the log and press Retry to queue it again.","All %1 automatic attempts are used up — this row will NOT retry on its own. Select it in the log and press Retry to queue it again."
"All customers (legitimate interest)","All customers (legitimate interest)"
"All languages share one Smaily account; each language fires its own workflow from the list.","All languages share one Smaily account; each language fires its own workflow from the list."
"All products","All products"
"All systems normal","All systems normal"
"Allow personalized recommendations","Allow personalized recommendations"
"Also sync emails from guest orders without the checkout newsletter opt-in. Applies only in the All customers (legitimate interest) mode; in the other modes a guest is synced only after ticking the checkout newsletter checkbox.","Also sync emails from guest orders without the checkout newsletter opt-in. Applies only in the All customers (legitimate interest) mode; in the other modes a guest is synced only after ticking the checkout newsletter checkbox."
"API Connection","API Connection"
"API password","API password"
"API username","API username"
"as ""%1""","as ""%1"""
"Ascending","Ascending"
"Attempts","Attempts"
"Attention","Attention"
"Automations","Automations"
"Back","Back"
"Browse tracking","Browse tracking"
"Campaign Intelligence","Campaign Intelligence"
"Campaign Intelligence (optional)","Campaign Intelligence (optional)"
"Campaign Intelligence Automations","Campaign Intelligence Automations"
"Campaign Intelligence connected: %1 (engine %2).","Campaign Intelligence connected: %1 (engine %2)."
"Campaign Intelligence has stopped accepting data from this store, so product, customer and order data is no longer being sent and recommendations will go stale. Waiting will not fix it — the account has to be made active again on the Smaily side. Your Smaily email sending is unaffected; everything queued here waits and is sent once the account is active.","Campaign Intelligence has stopped accepting data from this store, so product, customer and order data is no longer being sent and recommendations will go stale. Waiting will not fix it — the account has to be made active again on the Smaily side. Your Smaily email sending is unaffected; everything queued here waits and is sent once the account is active."
"Campaign Intelligence is not connected","Campaign Intelligence is not connected"
"Campaign Intelligence is not connected.","Campaign Intelligence is not connected."
"Campaign Intelligence setup failed: %1","Campaign Intelligence setup failed: %1"
"Campaign Intelligence still reports that this account is not active.","Campaign Intelligence still reports that this account is not active."
"Cancel import","Cancel import"
"Cancelled — %1 of %2 synced. Starting again begins a fresh import.","Cancelled — %1 of %2 synced. Starting again begins a fresh import."
"Cancelling…","Cancelling…"
"Catalog items","Catalog items"
"Catalog items delivered (30 days)","Catalog items delivered (30 days)"
"Catalog, customer and order sync started automatically. Historical data can be imported any time under Marketing > Smaily Connect > Settings > Intelligence.","Catalog, customer and order sync started automatically. Historical data can be imported any time under Marketing > Smaily Connect > Settings > Intelligence."
"Category ID (optional)","Category ID (optional)"
"Check again","Check again"
"Checking…","Checking…"
"Checkout opt-in only","Checkout opt-in only"
"Connect","Connect"
"Connect Smaily to set up automations","Connect Smaily to set up automations"
"Connect your Smaily account","Connect your Smaily account"
"Connect your Smaily account. You can find API credentials in Smaily under Preferences > API. Credentials can be overridden per website, or per store view for per-language Smaily accounts.","Connect your Smaily account. You can find API credentials in Smaily under Preferences > API. Credentials can be overridden per website, or per store view for per-language Smaily accounts."
"Connected","Connected"
"Connected (%1)","Connected (%1)"
"Connected with the saved credentials.","Connected with the saved credentials."
"Connected!","Connected!"
"Connected! Continue to the next step.","Connected! Continue to the next step."
"Connected! The workflow dropdowns below are now up to date.","Connected! The workflow dropdowns below are now up to date."
"Connected, currently unreachable","Connected, currently unreachable"
"Connected: %1 (engine %2)","Connected: %1 (engine %2)"
"Connecting…","Connecting…"
"Connection","Connection"
"Connection failed.","Connection failed."
"Connection Status","Connection Status"
"connection, contacts, automations, Intelligence and RSS in one tabbed page","connection, contacts, automations, Intelligence and RSS in one tabbed page"
"Contact Sync Mode","Contact Sync Mode"
"Contact synchronisation is off for this website, so an import would send nothing. Turn it on and save to import.","Contact synchronisation is off for this website, so an import would send nothing. Turn it on and save to import."
"Contact synchronisation to Smaily","Contact synchronisation to Smaily"
"Contact syncs","Contact syncs"
"Contact syncs delivered (30 days)","Contact syncs delivered (30 days)"
"Contacts","Contacts"
"Continue","Continue"
"Cooldown (days)","Cooldown (days)"
"Copied to the clipboard.","Copied to the clipboard."
"Copy","Copy"
"Copying failed — select the URL and copy it manually.","Copying failed — select the URL and copy it manually."
"Could not connect to Campaign Intelligence: %1","Could not connect to Campaign Intelligence: %1"
"Could not load the automation catalog","Could not load the automation catalog"
"Could not load the automation catalog: %1","Could not load the automation catalog: %1"
"Could not load the workflow list: %1","Could not load the workflow list: %1"
"Could not reach Campaign Intelligence.","Could not reach Campaign Intelligence."
"Could not reach Campaign Intelligence: %1","Could not reach Campaign Intelligence: %1"
"Could not reach Smaily: %1","Could not reach Smaily: %1"
"Created","Created"
"Credentials missing or invalid","Credentials missing or invalid"
"Currently unreachable","Currently unreachable"
"Customer group","Customer group"
"Customer Group","Customer Group"
"Customer ID","Customer ID"
"Daily Cap","Daily Cap"
"Dashboard","Dashboard"
"Date created","Date created"
"Date of birth","Date of birth"
"Date of Birth","Date of Birth"
"Date updated","Date updated"
"Debug (full API requests and responses)","Debug (full API requests and responses)"
"Default fallback","Default fallback"
"Default fallback account","Default fallback account"
"Delivered — no retries needed.","Delivered — no retries needed."
"delivered, last 30 days","delivered, last 30 days"
"Delivery details","Delivery details"
"Descending","Descending"
"Details","Details"
"Disabled","Disabled"
"Disconnect via CLI: bin/magento smaily:engine:disconnect","Disconnect via CLI: bin/magento smaily:engine:disconnect"
"Done, %1 of %2 synced — %3 failed.","Done, %1 of %2 synced — %3 failed."
"Done, %1 of %2 synced.","Done, %1 of %2 synced."
"Each event triggers the Smaily automation workflow you pick. The lists below come live from your Smaily account — create the workflows there first if they are missing, then press Refresh.","Each event triggers the Smaily automation workflow you pick. The lists below come live from your Smaily account — create the workflows there first if they are missing, then press Refresh."
"Each language has its own Smaily account (subdomain and credentials) with its own contact list.","Each language has its own Smaily account (subdomain and credentials) with its own contact list."
"Each language row lists the workflows of that language's own Smaily account (Connection panel) and fires through it.","Each language row lists the workflows of that language's own Smaily account (Connection panel) and fires through it."
"Empty values are never sent, so existing Smaily data is not wiped.","Empty values are never sent, so existing Smaily data is not wiped."
"Enable Abandoned Cart Automation","Enable Abandoned Cart Automation"
"Enable First Order Automation","Enable First Order Automation"
"Enable RSS Feed","Enable RSS Feed"
"Enable storefront browse tracking (product views, searches, cart activity)","Enable storefront browse tracking (product views, searches, cart activity)"
"Enable Subscriber Synchronization","Enable Subscriber Synchronization"
"Enable the product RSS feed","Enable the product RSS feed"
"Enable Welcome Automation","Enable Welcome Automation"
"Enabled","Enabled"
"Engine endpoint ""%1"" is not available","Engine endpoint ""%1"" is not available"
"Engine request failed with HTTP %1 after retries","Engine request failed with HTTP %1 after retries"
"Engine request failed with HTTP %1: %2","Engine request failed with HTTP %1: %2"
"Engine request failed: %1","Engine request failed: %1"
"Engine returned a malformed response body","Engine returned a malformed response body"
"Enter the password for this account first.","Enter the password for this account first."
"Enter the password of the %1 account so it can take over as the default fallback.","Enter the password of the %1 account so it can take over as the default fallback."
"Enter the password of the %1 account.","Enter the password of the %1 account."
"Entity","Entity"
"Errors only","Errors only"
"Event queued to be sent again.","Event queued to be sent again."
"Events queued today","Events queued today"
"events waiting to send","events waiting to send"
"Every delivery lands here: contact syncs and automation triggers to Smaily, plus catalog, customer, order and browse data to Campaign Intelligence — the Source column tells them apart. Failed rows retry automatically with backoff for up to 5 attempts; anything still failed can be selected and retried manually. Sent rows are kept for 30 days, failed rows for 90. If something seems missing in Smaily, this is the first place to look.","Every delivery lands here: contact syncs and automation triggers to Smaily, plus catalog, customer, order and browse data to Campaign Intelligence — the Source column tells them apart. Failed rows retry automatically with backoff for up to 5 attempts; anything still failed can be selected and retried manually. Sent rows are kept for 30 days, failed rows for 90. If something seems missing in Smaily, this is the first place to look."
"every delivery to Smaily and Campaign Intelligence with retry; check here first if something seems off","every delivery to Smaily and Campaign Intelligence with retry; check here first if something seems off"
"every delivery with retry for failed rows","every delivery with retry for failed rows"
"Every registered customer is synced; anyone who has not unsubscribed can receive your emails (soft opt-in). Soft opt-in allows marketing emails only about products similar to those the customer bought, and the customer must have had a clear way to refuse at purchase. Every email needs an unsubscribe link. You are responsible for the legal basis.","Every registered customer is synced; anyone who has not unsubscribed can receive your emails (soft opt-in). Soft opt-in allows marketing emails only about products similar to those the customer bought, and the customer must have had a clear way to refuse at purchase. Every email needs an unsubscribe link. You are responsible for the legal basis."
"every setting from the initial setup as always-available tabs, including the historical imports and the RSS feed URL builder","every setting from the initial setup as always-available tabs, including the historical imports and the RSS feed URL builder"
"Everything is running — deliveries to Smaily are flowing normally.","Everything is running — deliveries to Smaily are flowing normally."
"Extra fields to sync with each contact","Extra fields to sync with each contact"
"Failed","Failed"
"Failed deliveries (24 hours)","Failed deliveries (24 hours)"
"Failure class: %1","Failure class: %1"
"Feed URL Builder","Feed URL Builder"
"Fill in the credentials and press Test connection first.","Fill in the credentials and press Test connection first."
"Fill in the subdomain and username first.","Fill in the subdomain and username first."
"Fill in the subdomain and username of the %1 account.","Fill in the subdomain and username of the %1 account."
"Finish","Finish"
"Fires on a customer's first purchase.","Fires on a customer's first purchase."
"Fires when a cart is left behind.","Fires when a cart is left behind."
"Fires when a shopper subscribes to the newsletter in your store.","Fires when a shopper subscribes to the newsletter in your store."
"First name","First name"
"First Name","First Name"
"First order","First order"
"First Order Workflow","First Order Workflow"
"Gender","Gender"
"Go to Dashboard","Go to Dashboard"
"Historical imports to Campaign Intelligence","Historical imports to Campaign Intelligence"
"How automation workflows are routed for multi-language stores. Single: one language. Per-language accounts: each store view has its own Smaily account (override credentials at store view scope). Per-language workflows: one account, a workflow per language. Single workflow: one workflow that branches by language inside Smaily.","How automation workflows are routed for multi-language stores. Single: one language. Per-language accounts: each store view has its own Smaily account (override credentials at store view scope). Per-language workflows: one account, a workflow per language. Single workflow: one workflow that branches by language inside Smaily."
"How is Smaily organised for your store languages?","How is Smaily organised for your store languages?"
"How long a cart must be inactive before it counts as abandoned. Minimum 10 minutes. Carts older than 24 hours are never mailed.","How long a cart must be inactive before it counts as abandoned. Minimum 10 minutes. Carts older than 24 hours are never mailed."
"How store events and Campaign Intelligence triggers fire Smaily workflows.","How store events and Campaign Intelligence triggers fire Smaily workflows."
"If your Smaily URL is https://demo.sendsmaily.net, the subdomain is ""demo"". Pasting the full URL also works.","If your Smaily URL is https://demo.sendsmaily.net, the subdomain is ""demo"". Pasting the full URL also works."
"Import catalog","Import catalog"
"Import customers","Import customers"
"Import orders","Import orders"
"Importing… %1 / %2","Importing… %1 / %2"
"Imports are unavailable while the account is not active — there is nowhere to send the data. They come back as soon as the account does.","Imports are unavailable while the account is not active — there is nowhere to send the data. They come back as soon as the account does."
"Include Guest Order Emails","Include Guest Order Emails"
"Info","Info"
"Initial contact import","Initial contact import"
"Initial setup","Initial setup"
"Intelligence","Intelligence"
"Intelligence Automations","Intelligence Automations"
"Invalid language or account key in the workflow mapping.","Invalid language or account key in the workflow mapping."
"Invalid override scope.","Invalid override scope."
"Language","Language"
"last 24 hours","last 24 hours"
"Last Error","Last Error"
"Last error","Last error"
"Last Name","Last Name"
"Last name","Last name"
"Last response","Last response"
"Lawful-basis preset. Subscribers only (default): sync only opted-in newsletter subscribers and mirror Smaily unsubscribes back. All customers (legitimate interest): every registered customer is synced; anyone who has not unsubscribed can receive your emails (soft opt-in). Soft opt-in allows marketing emails only about products similar to those the customer bought, and the customer must have had a clear way to refuse at purchase. Every email needs an unsubscribe link. You are responsible for the legal basis. Checkout opt-in only: no account sync, only customers who tick the checkout checkbox.","Lawful-basis preset. Subscribers only (default): sync only opted-in newsletter subscribers and mirror Smaily unsubscribes back. All customers (legitimate interest): every registered customer is synced; anyone who has not unsubscribed can receive your emails (soft opt-in). Soft opt-in allows marketing emails only about products similar to those the customer bought, and the customer must have had a clear way to refuse at purchase. Every email needs an unsubscribe link. You are responsible for the legal basis. Checkout opt-in only: no account sync, only customers who tick the checkout checkbox."
"Let Smaily Send Opt-In Emails","Let Smaily Send Opt-In Emails"
"Let Smaily send the opt-in confirmation emails (suppresses Magento's own)","Let Smaily send the opt-in confirmation emails (suppresses Magento's own)"
"Loading the delivery details failed — please try again.","Loading the delivery details failed — please try again."
"Loading…","Loading…"
"Log","Log"
"Log Verbosity","Log Verbosity"
"Logging","Logging"
"Logs are written to var/log/smaily_connect.log. Debug verbosity logs full API requests and responses; use only for troubleshooting.","Logs are written to var/log/smaily_connect.log. Debug verbosity logs full API requests and responses; use only for troubleshooting."
"Map store events to Smaily automations","Map store events to Smaily automations"
"Most common","Most common"
"Most retry automatically with backoff; anything still failed can be retried manually from the grid.","Most retry automatically with backoff; anything still failed can be retried manually from the grid."
"Multilingual Mode","Multilingual Mode"
"Name Prefix","Name Prefix"
"Name prefix","Name prefix"
"Need a category-filtered or sorted feed? Use the URL builder under Settings > RSS.","Need a category-filtered or sorted feed? Use the URL builder under Settings > RSS."
"Needs attention","Needs attention"
"Next automatic retry: %1 (attempt %2 of %3).","Next automatic retry: %1 (attempt %2 of %3)."
"No cap","No cap"
"No deliveries yet. Once contacts, orders or catalog changes start flowing, the latest queue rows show up here.","No deliveries yet. Once contacts, orders or catalog changes start flowing, the latest queue rows show up here."
"No payload stored for this row.","No payload stored for this row."
"No response received — the server did not answer. The last error says why.","No response received — the server did not answer. The last error says why."
"No response recorded — this row has not been attempted yet.","No response recorded — this row has not been attempted yet."
"No response — nothing was sent for this row.","No response — nothing was sent for this row."
"Nobody is synced automatically — only shoppers who tick the newsletter checkbox at checkout.","Nobody is synced automatically — only shoppers who tick the newsletter checkbox at checkout."
"None (use the default workflow above)","None (use the default workflow above)"
"Not active","Not active"
"Not connected","Not connected"
"Nothing to save.","Nothing to save."
"Nothing was saved: %1","Nothing was saved: %1"
"Number of products (1-250)","Number of products (1-250)"
"Off","Off"
"Off by default. Respects Magento cookie restriction mode; events flow through your own server, so the API key never reaches the browser.","Off by default. Respects Magento cookie restriction mode; events flow through your own server, so the API key never reaches the browser."
"On","On"
"Once Smaily tells you the account is active, press Check again — sending resumes on the next cron run.","Once Smaily tells you the account is active, press Check again — sending resumes on the next cron run."
"One account, per-language workflows","One account, per-language workflows"
"One workflow branching by language","One workflow branching by language"
"Only a failed event can be sent again.","Only a failed event can be sent again."
"Only customers who opted into the newsletter are synced. Unsubscribes in Smaily are mirrored back to Magento automatically (two-way sync).","Only customers who opted into the newsletter are synced. Unsubscribes in Smaily are mirrored back to Magento automatically (two-way sync)."
"Only website or store-view overrides can be cleared.","Only website or store-view overrides can be cleared."
"Open Connection settings","Open Connection settings"
"Open Marketing > Smaily Connect > Initial setup to connect your Smaily account in a few guided steps. Existing settings from an earlier version were migrated automatically. The full user guide is linked below under Read Details.","Open Marketing > Smaily Connect > Initial setup to connect your Smaily account in a few guided steps. Existing settings from an earlier version were migrated automatically. The full user guide is linked below under Read Details."
"Open Settings","Open Settings"
"Open the full log","Open the full log"
"Open the URL builder","Open the URL builder"
"Open your Smaily account","Open your Smaily account"
"Opt out of personalized recommendations","Opt out of personalized recommendations"
"Optional customer fields sent to Smaily along with the email address. Empty source values are omitted so existing Smaily values are kept.","Optional customer fields sent to Smaily along with the email address. Empty source values are omitted so existing Smaily values are kept."
"Optional integration with the Smaily recommendation engine: catalog, customer, order and browse data power personalized recommendations and engine-run automations.","Optional integration with the Smaily recommendation engine: catalog, customer, order and browse data power personalized recommendations and engine-run automations."
"Override cleared — the default now applies here.","Override cleared — the default now applies here."
"Overview","Overview"
"Package does not include API access","Package does not include API access"
"Paste the one-time setup URL (or token) provided by Smaily and save the configuration to connect. The token is exchanged immediately and never stored.","Paste the one-time setup URL (or token) provided by Smaily and save the configuration to connect. The token is exchanged immediately and never stored."
"Paste the setup URL or token from Smaily first.","Paste the setup URL or token from Smaily first."
"Paste this URL into the RSS block of the Smaily template editor. Category IDs are shown in Catalog > Categories.","Paste this URL into the RSS block of the Smaily template editor. Category IDs are shown in Catalog > Categories."
"Payload (as sent)","Payload (as sent)"
"Payload (queued, not sent yet)","Payload (queued, not sent yet)"
"Payload (queued, nothing was sent for this row)","Payload (queued, nothing was sent for this row)"
"Pending","Pending"
"Per-language Smaily accounts","Per-language Smaily accounts"
"Per-language workflows","Per-language workflows"
"Personalization","Personalization"
"Personalized Recommendations","Personalized Recommendations"
"Phone","Phone"
"Pick the default fallback account.","Pick the default fallback account."
"PII redacted","PII redacted"
"Please fill in the subdomain, username and password.","Please fill in the subdomain, username and password."
"Please sign in to see your saved cart.","Please sign in to see your saved cart."
"Price","Price"
"Product name","Product name"
"Product RSS Feed","Product RSS Feed"
"Product RSS feed","Product RSS feed"
"Product RSS feed for the Smaily template editor:","Product RSS feed for the Smaily template editor:"
"Queued — the import starts on the next scheduled run…","Queued — the import starts on the next scheduled run…"
"Queued today","Queued today"
"Quick links","Quick links"
"re-run the guided setup at any time; your settings are kept","re-run the guided setup at any time; your settings are kept"
"Re-sent from event #%1 by %2 on %3","Re-sent from event #%1 by %2 on %3"
"Recent activity","Recent activity"
"recommended","recommended"
"Recommended","Recommended"
"redacted","redacted"
"Refresh workflows","Refresh workflows"
"Resume setup","Resume setup"
"Retry","Retry"
"Retry events","Retry events"
"Retry the selected failed events?","Retry the selected failed events?"
"Review failures","Review failures"
"Review the log under Marketing > Smaily Connect > Log and retry the failed rows.","Review the log under Marketing > Smaily Connect > Log and retry the failed rows."
"RSS","RSS"
"Save","Save"
"Save automations","Save automations"
"Save Connection","Save Connection"
"Save Contacts","Save Contacts"
"Save Intelligence Automations","Save Intelligence Automations"
"Save Preference","Save Preference"
"Saved.","Saved."
"Saving failed.","Saving failed."
"Saving failed: %1","Saving failed: %1"
"Saving…","Saving…"
"Script live on storefront","Script live on storefront"
"Send again","Send again"
"Send this event again? A new attempt is queued; the failed row is kept as history.","Send this event again? A new attempt is queued; the failed row is kept as history."
"Send your existing data to the engine in the background — one chunk per cron minute. Imports are resumable and safe to re-run: deliveries are deduplicated on the receiving side.","Send your existing data to the engine in the background — one chunk per cron minute. Imports are resumable and safe to re-run: deliveries are deduplicated on the receiving side."
"Sending","Sending"
"Sends anonymized browsing events (product views, searches, cart activity) to the engine. Respects Magento cookie restriction mode. Off by default.","Sends anonymized browsing events (product views, searches, cart activity) to the engine. Respects Magento cookie restriction mode. Off by default."
"Sensitive values (passwords, API keys) are never shown here, and email addresses are masked.","Sensitive values (passwords, API keys) are never shown here, and email addresses are masked."
"Sent","Sent"
"Settings","Settings"
"Setup incomplete","Setup incomplete"
"Setup is not finished yet — complete the initial setup to start syncing.","Setup is not finished yet — complete the initial setup to start syncing."
"Setup token is empty or unrecognized","Setup token is empty or unrecognized"
"Setup Token or URL","Setup Token or URL"
"Setup URL or token from Smaily","Setup URL or token from Smaily"
"Show a newsletter checkbox at checkout","Show a newsletter checkbox at checkout"
"Show failed (24h)","Show failed (24h)"
"Show Newsletter Checkbox At Checkout","Show Newsletter Checkbox At Checkout"
"Single language","Single language"
"Smaily","Smaily"
"Smaily account for %1","Smaily account for %1"
"Smaily API credentials are not configured (store scope: %1)","Smaily API credentials are not configured (store scope: %1)"
"Smaily API credentials were rejected","Smaily API credentials were rejected"
"Smaily API request failed with HTTP %1","Smaily API request failed with HTTP %1"
"Smaily API request failed: %1","Smaily API request failed: %1"
"Smaily API returned a malformed response body","Smaily API returned a malformed response body"
"Smaily API returned code %1: %2","Smaily API returned code %1: %2"
"Smaily Campaign Intelligence is unreachable","Smaily Campaign Intelligence is unreachable"
"Smaily Connect","Smaily Connect"
"Smaily Connect is now syncing in near-real-time. Here is where everything lives from now on:","Smaily Connect is now syncing in near-real-time. Here is where everything lives from now on:"
"Smaily Connect is ready to set up","Smaily Connect is ready to set up"
"Smaily Connect is running, but %1 delivery(ies) failed in the last 24 hours.","Smaily Connect is running, but %1 delivery(ies) failed in the last 24 hours."
"Smaily Connect is running, but Campaign Intelligence is currently unreachable — data is queued locally and will sync when it recovers.","Smaily Connect is running, but Campaign Intelligence is currently unreachable — data is queued locally and will sync when it recovers."
"Smaily Connect was upgraded to version %1","Smaily Connect was upgraded to version %1"
"Smaily Connect — Dashboard","Smaily Connect — Dashboard"
"Smaily Connect — Initial setup","Smaily Connect — Initial setup"
"Smaily Connect — Log","Smaily Connect — Log"
"Smaily Connect — Settings","Smaily Connect — Settings"
"Smaily Connect: %1 events failed in the last 24 hours","Smaily Connect: %1 events failed in the last 24 hours"
"Smaily connection verified — the API credentials work.","Smaily connection verified — the API credentials work."
"Smaily is refusing every request because this account's package does not include API access. Contact sync and email automations stay stopped until the account is on a package that includes it — waiting will not restore them, and the credentials cannot be checked until then.","Smaily is refusing every request because this account's package does not include API access. Contact sync and email automations stay stopped until the account is on a package that includes it — waiting will not restore them, and the credentials cannot be checked until then."
"Smaily refused the request because this account's package does not include API access. Upgrade the package in Smaily to connect — until then the credentials cannot be checked at all.","Smaily refused the request because this account's package does not include API access. Upgrade the package in Smaily to connect — until then the credentials cannot be checked at all."
"Smaily rejected these credentials. Check the subdomain, username and password.","Smaily rejected these credentials. Check the subdomain, username and password."
"Smaily Workflow","Smaily Workflow"
"Sort by","Sort by"
"Sort order","Sort order"
"Source","Source"
"Start import","Start import"
"Status","Status"
"Stopped after %1 of %2 attempts — retrying could not change the outcome, so this row will NOT retry on its own. Fix the cause shown below, then select it in the log and press Retry.","Stopped after %1 of %2 attempts — retrying could not change the outcome, so this row will NOT retry on its own. Fix the cause shown below, then select it in the log and press Retry."
"Stopped before an error — %1 of %2 synced so far. Press the import button to run it again.","Stopped before an error — %1 of %2 synced so far. Press the import button to run it again."
"Store views with the %1 language sync their contacts and automations to this account.","Store views with the %1 language sync their contacts and automations to this account."
"Storefront Browse Tracking","Storefront Browse Tracking"
"Subdomain","Subdomain"
"Subdomain and username are required.","Subdomain and username are required."
"Subscribe to our newsletter","Subscribe to our newsletter"
"Subscriber Synchronization","Subscriber Synchronization"
"Subscribers only (consent)","Subscribers only (consent)"
"Subscription type","Subscription type"
"Subscription Type","Subscription Type"
"Suppress Magento's own newsletter confirmation and unsubscription emails so Smaily automations handle them instead.","Suppress Magento's own newsletter confirmation and unsubscription emails so Smaily automations handle them instead."
"Switching the multilingual mode changes how contacts and automations are routed. Per-language accounts and workflow mappings that no longer apply stop being used (per-store-view credentials are removed on save). Continue?","Switching the multilingual mode changes how contacts and automations are routed. Per-language accounts and workflow mappings that no longer apply stop being used (per-store-view credentials are removed on save). Continue?"
"Sync contacts to Smaily","Sync contacts to Smaily"
"Synchronization settings","Synchronization settings"
"Synchronize newsletter subscribers between this store and Smaily.","Synchronize newsletter subscribers between this store and Smaily."
"Synchronized Fields","Synchronized Fields"
"Test connection","Test connection"
"Test Emails","Test Emails"
"Test Mode","Test Mode"
"Test mode","Test mode"
"Testing…","Testing…"
"Tests the credentials entered above without saving. Workflow dropdowns below refresh automatically after a successful test.","Tests the credentials entered above without saving. Workflow dropdowns below refresh automatically after a successful test."
"That cart is no longer available.","That cart is no longer available."
"That setting is not managed by Smaily Connect, so it was not touched.","That setting is not managed by Smaily Connect, so it was not touched."
"The %1 account","The %1 account"
"The automation receives the cart contents (up to 10 products) and a recovery link that restores the exact cart.","The automation receives the cart contents (up to 10 products) and a recovery link that restores the exact cart."
"The configuration was saved, but Smaily refused the check because this account's package does not include API access. Synchronization will not work until the account is on a package that includes it — until then the credentials cannot be checked.","The configuration was saved, but Smaily refused the check because this account's package does not include API access. Synchronization will not work until the account is on a package that includes it — until then the credentials cannot be checked."
"The configuration was saved, but Smaily rejected the API credentials. Check the subdomain, username and password — synchronization will not work until they are correct.","The configuration was saved, but Smaily rejected the API credentials. Check the subdomain, username and password — synchronization will not work until they are correct."
"The default fallback handles contacts whose language is not mapped. Leave it on ""None"" to fall back to the default workflow above.","The default fallback handles contacts whose language is not mapped. Leave it on ""None"" to fall back to the default workflow above."
"The engine answered with an address that is not an https address on %1, so the connection was not saved.","The engine answered with an address that is not an https address on %1, so the connection was not saved."
"The engine has not responded for over an hour (%1). Data is queued locally and will sync when the connection recovers.","The engine has not responded for over an hour (%1). Data is queued locally and will sync when the connection recovers."
"The event could not be queued again — please try again.","The event could not be queued again — please try again."
"the full merchant documentation: every feature, setting and troubleshooting steps","the full merchant documentation: every feature, setting and troubleshooting steps"
"The one-time token is exchanged immediately and never stored.","The one-time token is exchanged immediately and never stored."
"The product feed for the Smaily template editor is served at <strong>{store URL}smaily/rss/feed</strong>. Optional query parameters: <em>category</em> (category ID), <em>limit</em> (1-250, default 50), <em>sort</em> (created_at, updated_at, name, price), <em>order</em> (asc, desc). Example: https://example.com/smaily/rss/feed?category=12&limit=100&sort=updated_at","The product feed for the Smaily template editor is served at <strong>{store URL}smaily/rss/feed</strong>. Optional query parameters: <em>category</em> (category ID), <em>limit</em> (1-250, default 50), <em>sort</em> (created_at, updated_at, name, price), <em>order</em> (asc, desc). Example: https://example.com/smaily/rss/feed?category=12&limit=100&sort=updated_at"
"The setup URL must be an https address on %1.","The setup URL must be an https address on %1."
"The Smaily credentials are missing or Smaily has not accepted them — check them in Settings > Connection and test the connection.","The Smaily credentials are missing or Smaily has not accepted them — check them in Settings > Connection and test the connection."
"The subdomain must be a plain Smaily subdomain such as ""demo"": letters, digits and hyphens only.","The subdomain must be a plain Smaily subdomain such as ""demo"": letters, digits and hyphens only."
"Campaign Intelligence uses your store’s product, customer and order data to create personalised product recommendations for Smaily campaigns and automations. This helps you send more relevant emails with less manual work.","Campaign Intelligence uses your store’s product, customer and order data to create personalised product recommendations for Smaily campaigns and automations. This helps you send more relevant emails with less manual work."
"Campaign Intelligence is an optional paid add-on (€250/month), added to your regular Smaily monthly payment. Contact Smaily to activate it, or set it up later.","Campaign Intelligence is an optional paid add-on (€250/month), added to your regular Smaily monthly payment. Contact Smaily to activate it, or set it up later."
"These automations run inside the Campaign Intelligence engine and fire the mapped Smaily workflow. Every trigger starts disabled and in test mode — nothing reaches real customers without your explicit action.","These automations run inside the Campaign Intelligence engine and fire the mapped Smaily workflow. Every trigger starts disabled and in test mode — nothing reaches real customers without your explicit action."
"These engine-run automations (replenishment reminders, win-back and more) become available once Campaign Intelligence is connected.","These engine-run automations (replenishment reminders, win-back and more) become available once Campaign Intelligence is connected."
"This cart link has expired.","This cart link has expired."
"This contact's data was erased; the event cannot be re-sent.","This contact's data was erased; the event cannot be re-sent."
"This install has more than one website. Pick the one to connect — you can run the initial setup again for each of the others.","This install has more than one website. Pick the one to connect — you can run the initial setup again for each of the others."
"This is a lawful-basis choice. Pick the preset that matches how you have asked your customers for permission — you can change it later under Configuration.","This is a lawful-basis choice. Pick the preset that matches how you have asked your customers for permission — you can change it later under Configuration."
"This log row no longer exists — it has likely been pruned by retention.","This log row no longer exists — it has likely been pruned by retention."
"This reminder was withdrawn because the shopper completed the purchase; it cannot be re-sent.","This reminder was withdrawn because the shopper completed the purchase; it cannot be re-sent."
"Tip: make sure the Magento cron runs every minute — deliveries are queued and flushed by the smaily_connect cron group.","Tip: make sure the Magento cron runs every minute — deliveries are queued and flushed by the smaily_connect cron group."
"Treat every store view the same: one Smaily account and one workflow per automation.","Treat every store view the same: one Smaily account and one workflow per automation."
"Trigger","Trigger"
"Trigger Smaily automation workflows on store events. Workflow lists load from your Smaily account after the API connection is saved. In per-language multilingual modes, per-language workflow mappings override these defaults.","Trigger Smaily automation workflows on store events. Workflow lists load from your Smaily account after the API connection is saved. In per-language multilingual modes, per-language workflow mappings override these defaults."
"Type","Type"
"Unknown automation trigger ""%1"".","Unknown automation trigger ""%1""."
"Unknown ingest domain ""%1""","Unknown ingest domain ""%1"""
"Unknown wizard step ""%1"".","Unknown wizard step ""%1""."
"Unreachable","Unreachable"
"Updated","Updated"
"Used when a contact's language cannot be matched to any account. Its credentials also serve every scope without a per-language override.","Used when a contact's language cannot be matched to any account. Its credentials also serve every scope without a per-language override."
"User Guide","User Guide"
"Verify","Verify"
"View failed deliveries","View failed deliveries"
"View full log","View full log"
"View them in the Log","View them in the Log"
"Wait (minutes)","Wait (minutes)"
"Waiting for the next queue flush (runs every minute).","Waiting for the next queue flush (runs every minute)."
"Want a different workflow per language? Pick a per-language mode on the Connection panel.","Want a different workflow per language? Pick a per-language mode on the Connection panel."
"We could not load your personalization preference right now. Please try again later.","We could not load your personalization preference right now. Please try again later."
"We use your shopping activity to personalize product recommendations in our newsletters. You can opt out at any time; newsletters will then show generic content.","We use your shopping activity to personalize product recommendations in our newsletters. You can opt out at any time; newsletters will then show generic content."
"Website","Website"
"Welcome","Welcome"
"Welcome Workflow","Welcome Workflow"
"Welcome — fires when someone becomes a subscriber","Welcome — fires when someone becomes a subscriber"
"Which website are you setting up?","Which website are you setting up?"
"Withdrawn","Withdrawn"
"Workflow","Workflow"
"Workflow #%1 (not in your Smaily list — kept)","Workflow #%1 (not in your Smaily list — kept)"
"You are all set!","You are all set!"
"You can find or create API credentials in Smaily under Preferences > API. The password is stored encrypted and never leaves your server.","You can find or create API credentials in Smaily under Preferences > API. The password is stored encrypted and never leaves your server."
"Your Campaign Intelligence account is not active","Your Campaign Intelligence account is not active"
"Your personalization preference has been saved.","Your personalization preference has been saved."
"Your Smaily API credentials for this store.","Your Smaily API credentials for this store."
"Your Smaily subdomain. For example, if your Smaily URL is https://demo.sendsmaily.net, enter ""demo"". Pasting the full URL also works.","Your Smaily subdomain. For example, if your Smaily URL is https://demo.sendsmaily.net, enter ""demo"". Pasting the full URL also works."
"Your store has %1, %2 and %3. The import runs in the background, a chunk per minute, and never slows the storefront down.","Your store has %1, %2 and %3. The import runs in the background, a chunk per minute, and never slows the storefront down."
"Your store views speak %1 languages (%2). Pick how contacts and automations should route between them — the sections below adapt right away.","Your store views speak %1 languages (%2). Pick how contacts and automations should route between them — the sections below adapt right away."
