"%1 automation trigger(s) saved.","%1 automaatika päästik(ut) salvestatud."
"%1 automation(s) could not be saved. Pick a Smaily workflow for every enabled trigger, then save again.","%1 automaatikat ei õnnestunud salvestada. Vali igale lubatud päästikule Smaily töövoog ja salvesta uuesti."
"%1 contact to import","%1 kontakt importimiseks"
"%1 contacts to import","%1 kontakti importimiseks"
"%1 event(s) queued for retry, %2 skipped because sending again would not be safe.","%1 sündmus(t) pandi uuesti proovimiseks järjekorda, %2 jäeti vahele, sest uuesti saatmine poleks ohutu."
"%1 event(s) queued for retry.","%1 sündmus(t) pandi uuesti proovimiseks järjekorda."
"%1 events failed in the last 24 hours","Viimase 24 tunni jooksul ebaõnnestus %1 sündmust"
"%1 failed delivery(ies) in the last 24 hours.","%1 ebaõnnestunud saatmist viimase 24 tunni jooksul."
"%1 of %2","%1 / %2"
"%1 order","%1 tellimus"
"%1 orders","%1 tellimust"
"%1 product","%1 toode"
"%1 products","%1 toodet"
"%1 Your saved automations are unchanged.","%1 Sinu salvestatud automaatikad jäävad muutmata."
"-- Not Selected --","-- Valimata --"
"1. Connect","1. Ühenda"
"2. Subscribers","2. Tellijad"
"3. Automations","3. Automaatikad"
"4. Intelligence","4. Intelligence"
"5. Done","5. Valmis"
"A ""%1"" import to %2 is already running for website %3.","„%1“ import sihtkohta %2 juba käib veebisaidil %3."
"A delivery attempt is in progress right now.","Saatmiskatse on praegu pooleli."
"A later message of this kind already reached this contact; sending again would deliver it twice.","Seda liiki hilisem kiri on sellele kontaktile juba kohale jõudnud; uuesti saatmine toimetaks selle kohale teist korda."
"A major upgrade can bring new features and changed screens. Review the settings under Marketing > Smaily Connect > Settings, or re-run the initial setup — your saved configuration is untouched either way.","Suur versiooniuuendus võib tuua uusi võimalusi ja muutunud vaateid. Vaata seadistused üle menüüs Turundus > Smaily Connect > Seaded või käivita algseadistus uuesti — sinu salvestatud seadistus jääb mõlemal juhul puutumata."
"A password is already saved — leave this empty to keep it.","Parool on juba salvestatud — jäta väli tühjaks, et seda alles hoida."
"A product feed for the RSS block of the Smaily template editor. Optional query parameters filter by category and control the amount and order of products.","Tootevoog Smaily mallieditori RSS-ploki jaoks. Valikuliste URL-i parameetritega saab filtreerida kategooria järgi ning määrata toodete arvu ja järjestuse."
"A single Smaily account, but each language triggers its own automation workflow. The most common setup.","Üks Smaily konto, kuid iga keel käivitab oma automaatika töövoo. Kõige levinum seadistus."
"A single workflow that branches on the contact's language inside Smaily. The language is sent with every contact.","Üks töövoog, mis hargneb Smaily sees kontakti keele järgi. Keel saadetakse kaasa iga kontaktiga."
"A workflow is required when this trigger is enabled.","Töövoog on kohustuslik, kui see päästik on lubatud."
"Abandoned cart","Hüljatud ostukorv"
"Abandoned Cart Cutoff (Minutes)","Hüljatud ostukorvi ooteaeg (minutites)"
"Abandoned Cart Workflow","Hüljatud ostukorvi töövoog"
"Account not active on the Smaily side","Konto ei ole Smaily poolel aktiivne"
"Actions","Tegevused"
"Active","Aktiivne"
"Adds a newsletter opt-in checkbox to the checkout payment step. Works for both guests and registered customers.","Lisab kassa maksesammule uudiskirja tellimise märkeruudu. Töötab nii külaliste kui ka registreeritud klientide puhul."
"All %1 automatic attempts are used up — this row will NOT retry on its own. Select it in the log and press Retry to queue it again.","Kõik %1 automaatset katset on ära kasutatud — see rida EI proovi enam ise uuesti. Vali rida logis ja vajuta Proovi uuesti, et see uuesti järjekorda panna."
"All customers (legitimate interest)","Kõik kliendid (õigustatud huvi)"
"All languages share one Smaily account; each language fires its own workflow from the list.","Kõik keeled jagavad üht Smaily kontot; iga keel käivitab nimekirjast oma töövoo."
"All products","Kõik tooted"
"All systems normal","Kõik toimib normaalselt"
"Allow personalized recommendations","Luba personaalsed soovitused"
"Also sync emails from guest orders without the checkout newsletter opt-in. Applies only in the All customers (legitimate interest) mode; in the other modes a guest is synced only after ticking the checkout newsletter checkbox.","Sünkrooni ka nende külalistellimuste e-posti aadressid, kus kassas uudiskirja nõusolekut ei antud. Kehtib ainult režiimis „Kõik kliendid (õigustatud huvi)“; teistes režiimides sünkroonitakse külaline ainult siis, kui ta märgib kassas uudiskirja märkeruudu."
"API Connection","API ühendus"
"API password","API parool"
"API username","API kasutajanimi"
"as ""%1""","kontoga ""%1"""
"Ascending","Kasvav"
"Attempts","Katsed"
"Attention","Tähelepanu"
"Automations","Automaatikad"
"Back","Tagasi"
"Browse tracking","Sirvimise jälgimine"
"Campaign Intelligence","Campaign Intelligence"
"Campaign Intelligence (optional)","Campaign Intelligence (valikuline)"
"Campaign Intelligence Automations","Campaign Intelligence'i automaatikad"
"Campaign Intelligence connected: %1 (engine %2).","Campaign Intelligence ühendatud: %1 (mootor %2)."
"Campaign Intelligence has stopped accepting data from this store, so product, customer and order data is no longer being sent and recommendations will go stale. Waiting will not fix it — the account has to be made active again on the Smaily side. Your Smaily email sending is unaffected; everything queued here waits and is sent once the account is active.","Campaign Intelligence ei võta enam sellest poest andmeid vastu, seega toote-, kliendi- ja tellimusandmeid enam ei saadeta ning soovitused vananevad. Ootamine seda ei lahenda — konto tuleb Smaily poolel uuesti aktiivseks teha. Smaily e-kirjade saatmist see ei mõjuta; kõik siin järjekorras olev ootab ja saadetakse ära, kui konto on taas aktiivne."
"Campaign Intelligence is not connected","Campaign Intelligence ei ole ühendatud"
"Campaign Intelligence is not connected.","Campaign Intelligence ei ole ühendatud."
"Campaign Intelligence setup failed: %1","Campaign Intelligence'i seadistamine ebaõnnestus: %1"
"Campaign Intelligence still reports that this account is not active.","Campaign Intelligence teatab endiselt, et see konto ei ole aktiivne."
"Cancel import","Katkesta import"
"Cancelled — %1 of %2 synced. Starting again begins a fresh import.","Katkestatud — %1 / %2 sünkroonitud. Uuesti alustamine käivitab värske impordi."
"Cancelling…","Katkestamine…"
"Catalog items","Kataloogitooted"
"Catalog items delivered (30 days)","Kohale toimetatud kataloogikirjed (30 päeva)"
"Catalog, customer and order sync started automatically. Historical data can be imported any time under Marketing > Smaily Connect > Settings > Intelligence.","Kataloogi, klientide ja tellimuste sünkroonimine käivitus automaatselt. Ajaloolisi andmeid saab igal ajal importida menüüs Turundus > Smaily Connect > Seaded > Intelligence."
"Category ID (optional)","Kategooria ID (valikuline)"
"Check again","Kontrolli uuesti"
"Checking…","Kontrollin…"
"Checkout opt-in only","Ainult kassas turunduskirjade nõusoleku andnud kontaktid"
"Completed","Lõpetatud"
"Connect","Ühenda"
"Connect Smaily to set up automations","Automaatikate seadistamiseks ühenda Smaily"
"Connect your Smaily account","Ühenda oma Smaily konto"
"Connect your Smaily account. You can find API credentials in Smaily under Preferences > API. Credentials can be overridden per website, or per store view for per-language Smaily accounts.","Ühenda oma Smaily konto. API kasutajaandmed leiad Smailyst menüüst Preferences > API. Kasutajaandmeid saab üle kirjutada veebisaidi kaupa või keelepõhiste Smaily kontode jaoks poevaate kaupa."
"Connected","Ühendatud"
"Connected (%1)","Ühendatud (%1)"
"Connected with the saved credentials.","Ühendatud salvestatud kasutajaandmetega."
"Connected!","Ühendatud!"
"Connected! Continue to the next step.","Ühendatud! Jätka järgmise sammuga."
"Connected! The workflow dropdowns below are now up to date.","Ühendatud! Allolevad töövoovalikud on nüüd ajakohased."
"Connected, currently unreachable","Ühendatud, hetkel kättesaamatu"
"Connected: %1 (engine %2)","Ühendatud: %1 (mootor %2)"
"Connecting…","Ühendan…"
"Connection","Ühendus"
"Connection failed.","Ühendus ebaõnnestus."
"Connection Status","Ühenduse olek"
"connection, contacts, automations, Intelligence and RSS in one tabbed page","ühendus, kontaktid, automaatikad, Intelligence ja RSS ühel vahekaartidega lehel"
"Contact Sync Mode","Kontaktide sünkroonimise režiim"
"Contact synchronisation is off for this website, so an import would send nothing. Turn it on and save to import.","Kontaktide sünkroniseerimine on selle veebisaidi jaoks väljas, seega import ei saadaks midagi. Lülita see sisse ja salvesta, et importida."
"Contact synchronisation to Smaily","Kontaktide sünkroniseerimine Smailysse"
"Contact syncs","Kontaktide sünkroonimised"
"Contact syncs delivered (30 days)","Kohale toimetatud kontaktisünkroonimised (30 päeva)"
"Contacts","Kontaktid"
"Continue","Jätka"
"Cooldown (days)","Puhkeaeg (päevades)"
"Copied to the clipboard.","Kopeeritud lõikelauale."
"Copy","Kopeeri"
"Copying failed — select the URL and copy it manually.","Kopeerimine ebaõnnestus — märgista URL ja kopeeri käsitsi."
"Could not connect to Campaign Intelligence: %1","Campaign Intelligence'iga ei õnnestunud ühendust luua: %1"
"Could not load the automation catalog","Automaatikate kataloogi ei õnnestunud laadida"
"Could not load the automation catalog: %1","Automaatikakataloogi laadimine ebaõnnestus: %1"
"Could not load the workflow list: %1","Töövoogude loendi laadimine ebaõnnestus: %1"
"Could not reach Campaign Intelligence.","Campaign Intelligence'iga ei saadud ühendust."
"Could not reach Campaign Intelligence: %1","Campaign Intelligence'iga ei saadud ühendust: %1"
"Could not reach Smaily: %1","Smailyga ei saadud ühendust: %1"
"Created","Loodud"
"Credentials missing or invalid","Mandaat puudub või on vale"
"Currently unreachable","Hetkel kättesaamatu"
"Customer group","Kliendigrupp"
"Customer Group","Kliendigrupp"
"Customer ID","Kliendi ID"
"Daily Cap","Päevalimiit"
"Dashboard","Töölaud"
"Date created","Loomise kuupäev"
"Date of birth","Sünnikuupäev"
"Date of Birth","Sünnikuupäev"
"Date updated","Muutmise kuupäev"
"Debug (full API requests and responses)","Silumine (täielikud API päringud ja vastused)"
"Default fallback","Vaikimisi varuvalik"
"Default fallback account","Vaikimisi varukonto"
"Delivered — no retries needed.","Kohale toimetatud — kordusi pole vaja."
"delivered, last 30 days","edastatud, viimased 30 päeva"
"Delivery details","Saatmise üksikasjad"
"Descending","Kahanev"
"Details","Üksikasjad"
"Disabled","Väljas"
"Disconnect via CLI: bin/magento smaily:engine:disconnect","Ühenduse katkestamine käsurealt: bin/magento smaily:engine:disconnect"
"Done, %1 of %2 synced — %3 failed.","Valmis, %1 / %2 sünkroonitud — %3 ebaõnnestus."
"Done, %1 of %2 synced.","Valmis, %1 / %2 sünkroonitud."
"Each event triggers the Smaily automation workflow you pick. The lists below come live from your Smaily account — create the workflows there first if they are missing, then press Refresh.","Iga sündmus käivitab sinu valitud Smaily automaatika töövoo. Allolevad loendid tulevad otse sinu Smaily kontolt — kui töövood puuduvad, loo need esmalt Smailys ja vajuta siis „Värskenda töövooge“."
"Each language has its own Smaily account (subdomain and credentials) with its own contact list.","Igal keelel on oma Smaily konto (alamdomeen ja kasutajaandmed) koos oma kontaktide nimekirjaga."
"Each language row lists the workflows of that language's own Smaily account (Connection panel) and fires through it.","Iga keelerida näitab selle keele oma Smaily konto (ühenduse paneel) töövooge ja käivitub selle konto kaudu."
"Edit credentials","Muuda kasutajaandmeid"
"Empty values are never sent, so existing Smaily data is not wiped.","Tühje väärtusi ei saadeta kunagi, seega olemasolevaid Smaily andmeid ei kustutata."
"Enable Abandoned Cart Automation","Luba hüljatud ostukorvi automaatika"
"Enable First Order Automation","Luba esimese tellimuse automaatika"
"Enable RSS Feed","Luba RSS-voog"
"Enable storefront browse tracking (product views, searches, cart activity)","Luba poe sirvimise jälgimine (tootevaatamised, otsingud, ostukorvitegevus)"
"Enable Subscriber Synchronization","Luba tellijate sünkroonimine"
"Enable the product RSS feed","Luba toodete RSS-voog"
"Enable Welcome Automation","Luba tervituse automaatika"
"Enabled","Lubatud"
"Engine endpoint ""%1"" is not available","Mootori lõpp-punkt „%1“ ei ole saadaval"
"Engine request failed with HTTP %1 after retries","Mootori päring ebaõnnestus (HTTP %1) ka pärast korduskatseid"
"Engine request failed with HTTP %1: %2","Mootori päring ebaõnnestus (HTTP %1): %2"
"Engine request failed: %1","Mootori päring ebaõnnestus: %1"
"Engine returned a malformed response body","Mootor tagastas vigase vastuse"
"Enter the password for this account first.","Sisesta kõigepealt selle konto parool."
"Enter the password of the %1 account so it can take over as the default fallback.","Sisesta %1 konto parool, et see saaks vaikimisi varukonto rolli üle võtta."
"Enter the password of the %1 account.","Sisesta %1 konto parool."
"Entity","Kirje"
"Errors only","Ainult vead"
"Event queued to be sent again.","Sündmus on uuesti saatmiseks järjekorda pandud."
"Events queued today","Täna järjekorda pandud sündmused"
"events waiting to send","saatmist ootavad sündmused"
"Every delivery lands here: contact syncs and automation triggers to Smaily, plus catalog, customer, order and browse data to Campaign Intelligence — the Source column tells them apart. Failed rows retry automatically with backoff for up to 5 attempts; anything still failed can be selected and retried manually. Sent rows are kept for 30 days, failed rows for 90. If something seems missing in Smaily, this is the first place to look.","Iga saadetis jõuab siia: kontaktide sünkroniseerimised ja automaatikate käivitused Smailysse ning kataloogi-, kliendi-, tellimuse- ja sirvimisandmed Campaign Intelligence'i — veerg Allikas eristab neid. Ebaõnnestunud read proovivad automaatselt uuesti kasvava ooteajaga kuni 5 katset; kõik, mis ikka veel ebaõnnestunud, saab valida ja käsitsi uuesti proovida. Saadetud ridu hoitakse 30 päeva, ebaõnnestunuid 90. Kui midagi paistab Smailys puudu olevat, vaata kõigepealt siia."
"every delivery to Smaily and Campaign Intelligence with retry; check here first if something seems off","iga saadetis Smailysse ja Campaign Intelligence'i koos uuesti proovimisega; kui miski tundub paigast ära, vaata kõigepealt siia"
"every delivery with retry for failed rows","iga saadetis koos ebaõnnestunud ridade uuesti proovimisega"
"Every registered customer is synced; anyone who has not unsubscribed can receive your emails (soft opt-in). Soft opt-in allows marketing emails only about products similar to those the customer bought, and the customer must have had a clear way to refuse at purchase. Every email needs an unsubscribe link. You are responsible for the legal basis.","Sünkroonitakse iga registreeritud klient; igaüks, kes pole loobunud, võib saada sinu kirju (pehme nõusolek). Pehme nõusolek lubab saata turunduskirju ainult kliendi ostetuga sarnaste toodete kohta ning kliendil pidi ostu ajal olema selge võimalus sellest keelduda. Igas kirjas peab olema loobumislink. Õigusliku aluse eest vastutad sina."
"every setting from the initial setup as always-available tabs, including the historical imports and the RSS feed URL builder","kõik algseadistuse seaded alati kättesaadavate vahekaartidena, sealhulgas ajaloolised impordid ja RSS-voo URL-i koostaja"
"Everything is running — deliveries to Smaily are flowing normally.","Kõik töötab — saadetised Smailysse liiguvad tavapäraselt."
"Extra fields to sync with each contact","Lisaväljad, mis sünkroonitakse iga kontaktiga"
"Failed","Ebaõnnestunud"
"Failed deliveries (24 hours)","Ebaõnnestunud saadetised (24 tundi)"
"Failure class: %1","Tõrkeklass: %1"
"Feed URL Builder","Voo URL-i koostaja"
"Fill in the credentials and press Test connection first.","Täida esmalt kasutajaandmed ja vajuta „Testi ühendust“."
"Fill in the subdomain and username first.","Täida esmalt alamdomeen ja kasutajanimi."
"Fill in the subdomain and username of the %1 account.","Täida %1 konto alamdomeen ja kasutajanimi."
"Finish","Lõpeta"
"Fires on a customer's first purchase.","Käivitub kliendi esimesel ostul."
"Fires when a cart is left behind.","Käivitub, kui ostukorv jäetakse maha."
"Fires when a shopper subscribes to the newsletter in your store.","Käivitub, kui ostja liitub poes uudiskirjaga."
"First name","Eesnimi"
"First Name","Eesnimi"
"First order","Esimene tellimus"
"First Order Workflow","Esimese tellimuse töövoog"
"Gender","Sugu"
"Go to Dashboard","Ava töölaud"
"Historical imports to Campaign Intelligence","Ajaloolised impordid Campaign Intelligence'i"
"How automation workflows are routed for multi-language stores. Single: one language. Per-language accounts: each store view has its own Smaily account (override credentials at store view scope). Per-language workflows: one account, a workflow per language. Single workflow: one workflow that branches by language inside Smaily.","Kuidas suunatakse automaatika töövooge mitmekeelsetes poodides. Üks keel: üks keel. Keelepõhised kontod: igal poevaatel on oma Smaily konto (kirjuta kasutajaandmed üle poevaate tasemel). Keelepõhised töövood: üks konto, iga keele jaoks oma töövoog. Üks töövoog: üks töövoog, mis hargneb keele järgi Smaily sees."
"How is Smaily organised for your store languages?","Kuidas on Smaily sinu poe keelte jaoks korraldatud?"
"How long a cart must be inactive before it counts as abandoned. Minimum 10 minutes. Carts older than 24 hours are never mailed.","Kui kaua peab ostukorv olema puutumata, enne kui see loetakse hüljatuks. Vähemalt 10 minutit. Üle 24 tunni vanustele ostukorvidele kirju ei saadeta."
"How store events and Campaign Intelligence triggers fire Smaily workflows.","Kuidas poe sündmused ja Campaign Intelligence'i päästikud Smaily töövooge käivitavad."
"If your Smaily URL is https://demo.sendsmaily.net, the subdomain is ""demo"". Pasting the full URL also works.","Kui sinu Smaily URL on https://demo.sendsmaily.net, on alamdomeen „demo“. Sobib ka täieliku URL-i kleepimine."
"Import catalog","Impordi kataloog"
"Import customers","Impordi kliendid"
"Import orders","Impordi tellimused"
"Importing… %1 / %2","Impordin… %1 / %2"
"Imports are unavailable while the account is not active — there is nowhere to send the data. They come back as soon as the account does.","Kuni konto ei ole aktiivne, ei saa importe käivitada — andmeid pole kuhugi saata. Need tulevad tagasi kohe, kui konto on taas aktiivne."
"Include Guest Order Emails","Kaasa külalistellimuste e-posti aadressid"
"Info","Info"
"Initial contact import","Esmane kontaktide import"
"Initial setup","Algseadistus"
"Intelligence","Intelligence"
"Intelligence Automations","Intelligence'i automaatikad"
"Invalid language or account key in the workflow mapping.","Töövoovastenduses on vigane keel või kontovõti."
"Invalid override scope.","Vigane alistuse ulatus."
"Language","Keel"
"last 24 hours","viimased 24 tundi"
"Last Error","Viimane viga"
"Last error","Viimane viga"
"Last Name","Perekonnanimi"
"Last name","Perekonnanimi"
"Last response","Viimane vastus"
"Lawful-basis preset. Subscribers only (default): sync only opted-in newsletter subscribers and mirror Smaily unsubscribes back. All customers (legitimate interest): every registered customer is synced; anyone who has not unsubscribed can receive your emails (soft opt-in). Soft opt-in allows marketing emails only about products similar to those the customer bought, and the customer must have had a clear way to refuse at purchase. Every email needs an unsubscribe link. You are responsible for the legal basis. Checkout opt-in only: no account sync, only customers who tick the checkout checkbox.","Õigusliku aluse eelseadistus. Ainult tellijad (vaikimisi): sünkroonitakse ainult nõusoleku andnud uudiskirja tellijad ja Smaily loobumised peegeldatakse tagasi. Kõik kliendid (õigustatud huvi): sünkroonitakse iga registreeritud klient; igaüks, kes pole loobunud, võib saada sinu kirju (pehme nõusolek). Pehme nõusolek lubab saata turunduskirju ainult kliendi ostetuga sarnaste toodete kohta ning kliendil pidi ostu ajal olema selge võimalus sellest keelduda. Igas kirjas peab olema loobumislink. Õigusliku aluse eest vastutad sina. Ainult kassas antud nõusolek: kontosid ei sünkroonita, saadetakse ainult kliendid, kes märgivad kassas märkeruudu."
"Let Smaily Send Opt-In Emails","Lase Smailyl saata tellimuse kinnituskirjad"
"Let Smaily send the opt-in confirmation emails (suppresses Magento's own)","Lase Smailyl saata tellimuse kinnituskirjad (Magento enda kirjad jäetakse ära)"
"Loading the delivery details failed — please try again.","Saatmise üksikasjade laadimine ebaõnnestus — proovi uuesti."
"Loading…","Laadimine…"
"Log","Logi"
"Log Verbosity","Logimise tase"
"Logging","Logimine"
"Logs are written to var/log/smaily_connect.log. Debug verbosity logs full API requests and responses; use only for troubleshooting.","Logid kirjutatakse faili var/log/smaily_connect.log. Silumistase logib täielikud API päringud ja vastused; kasuta ainult tõrkeotsinguks."
"Map store events to Smaily automations","Seo poe sündmused Smaily automaatikatega"
"Most common","Levinuim"
"Most retry automatically with backoff; anything still failed can be retried manually from the grid.","Enamik proovitakse automaatselt tagasilangusega uuesti; endiselt ebaõnnestunuid saab tabelist käsitsi uuesti proovida."
"Multilingual Mode","Mitmekeelne režiim"
"Name Prefix","Nime eesliide"
"Name prefix","Nime eesliide"
"Need a category-filtered or sorted feed? Use the URL builder under Settings > RSS.","Vajad kategooria järgi filtreeritud või sorditud voogu? Kasuta URL-i koostajat menüüs Seaded > RSS."
"Needs attention","Vajab tähelepanu"
"Next automatic retry: %1 (attempt %2 of %3).","Järgmine automaatne kordus: %1 (katse %2 / %3)."
"No cap","Limiiti pole"
"No deliveries yet. Once contacts, orders or catalog changes start flowing, the latest queue rows show up here.","Saadetisi veel pole. Kui kontaktid, tellimused või kataloogimuudatused liikuma hakkavad, ilmuvad värskeimad järjekorraread siia."
"No payload stored for this row.","Sellel real ei ole salvestatud andmesisu."
"No response received — the server did not answer. The last error says why.","Vastust ei saabunud — server ei vastanud. Põhjuse ütleb viimane viga."
"No response recorded — this row has not been attempted yet.","Vastust ei ole salvestatud — seda rida ei ole veel saata proovitud."
"No response — nothing was sent for this row.","Vastust pole — selle rea jaoks ei saadetud midagi."
"Nobody is synced automatically — only shoppers who tick the newsletter checkbox at checkout.","Kedagi ei sünkroonita automaatselt — ainult ostjad, kes märgivad kassas uudiskirja märkeruudu."
"None (use the default workflow above)","Puudub (kasuta ülalolevat vaikimisi töövoogu)"
"Not active","Ei ole aktiivne"
"Not connected","Pole ühendatud"
"Nothing to save.","Pole midagi salvestada."
"Nothing was saved: %1","Midagi ei salvestatud: %1"
"Number of products (1-250)","Toodete arv (1-250)"
"Off","Väljas"
"Off by default. Respects Magento cookie restriction mode; events flow through your own server, so the API key never reaches the browser.","Vaikimisi väljas. Arvestab Magento küpsiste piirangurežiimiga; sündmused liiguvad läbi sinu enda serveri, nii et API võti ei jõua kunagi brauserisse."
"On","Sees"
"Once Smaily tells you the account is active, press Check again — sending resumes on the next cron run.","Kui Smaily on öelnud, et konto on aktiivne, vajuta „Kontrolli uuesti“ — saatmine jätkub järgmisel cron-käivitusel."
"One account, per-language workflows","Üks konto, keelepõhised töövood"
"One workflow branching by language","Üks töövoog, mis hargneb keele järgi"
"Only a failed event can be sent again.","Uuesti saata saab ainult ebaõnnestunud sündmust."
"Only customers who opted into the newsletter are synced. Unsubscribes in Smaily are mirrored back to Magento automatically (two-way sync).","Sünkroonitakse ainult uudiskirjaga liitunud kliendid. Smailys tehtud loobumised peegeldatakse automaatselt Magentosse tagasi (kahesuunaline sünkroonimine)."
"Only website or store-view overrides can be cleared.","Eemaldada saab ainult veebisaidi või vaate taseme alistusi."
"Open Connection settings","Ava ühenduse seaded"
"Open Marketing > Smaily Connect > Initial setup to connect your Smaily account in a few guided steps. Existing settings from an earlier version were migrated automatically. The full user guide is linked below under Read Details.","Ava Marketing > Smaily Connect > Algseadistus, et ühendada oma Smaily konto mõne juhendatud sammuga. Varasema versiooni seaded migreeriti automaatselt. Täieliku kasutusjuhendi leiad allpool lingi „Read Details“ alt."
"Open Marketing > Smaily Connect > Initial setup to connect your Smaily account in a few guided steps. The full user guide is linked below under Read Details.","Ava Marketing > Smaily Connect > Algseadistus, et ühendada oma Smaily konto mõne juhendatud sammuga. Täieliku kasutusjuhendi leiad allpool lingi „Read Details“ alt."
"Open Settings","Ava seaded"
"Open the full log","Ava täielik logi"
"Open the URL builder","Ava URL-i koostaja"
"Open your Smaily account","Ava oma Smaily konto"
"Opt out of personalized recommendations","Loobu personaalsetest soovitustest"
"Optional customer fields sent to Smaily along with the email address. Empty source values are omitted so existing Smaily values are kept.","Valikulised kliendiväljad, mis saadetakse Smailysse koos e-posti aadressiga. Tühjad väärtused jäetakse välja, nii et olemasolevad Smaily väärtused säilivad."
"Optional integration with the Smaily recommendation engine: catalog, customer, order and browse data power personalized recommendations and engine-run automations.","Valikuline lõiming Smaily soovitusmootoriga: kataloogi-, kliendi-, tellimuse- ja sirvimisandmed toidavad personaalseid soovitusi ja mootori automaatikaid."
"Override cleared — the default now applies here.","Alistus eemaldatud — nüüd kehtib siin vaikeväärtus."
"Overview","Ülevaade"
"Package does not include API access","Pakett ei sisalda API-ligipääsu"
"Paste the one-time setup URL (or token) provided by Smaily and save the configuration to connect. The token is exchanged immediately and never stored.","Kleebi Smailylt saadud ühekordne seadistus-URL (või -võti) ja salvesta seadistus, et ühendada. Võti vahetatakse kohe ja seda ei salvestata."
"Paste the setup URL or token from Smaily first.","Kleebi esmalt Smailylt saadud seadistus-URL või -võti."
"Paste this URL into the RSS block of the Smaily template editor. Category IDs are shown in Catalog > Categories.","Kleebi see URL Smaily mallieditori RSS-plokki. Kategooriate ID-d leiad menüüst Catalog > Categories."
"Payload (as sent)","Andmesisu (nagu saadeti)"
"Payload (queued, not sent yet)","Andmesisu (järjekorras, veel saatmata)"
"Payload (queued, nothing was sent for this row)","Andmesisu (järjekorras, selle rea jaoks ei saadetud midagi)"
"Pending","Ootel"
"Per-language Smaily accounts","Keelepõhised Smaily kontod"
"Per-language workflows","Keelepõhised töövood"
"Personalization","Personaliseerimine"
"Personalized Recommendations","Personaalsed soovitused"
"Phone","Telefon"
"Pick the default fallback account.","Vali vaikimisi varukonto."
"PII redacted","isikuandmed varjatud"
"Please fill in the subdomain, username and password.","Palun täida alamdomeen, kasutajanimi ja parool."
"Please sign in to see your saved cart.","Salvestatud ostukorvi nägemiseks logi palun sisse."
"Price","Hind"
"Product name","Toote nimi"
"Product RSS Feed","Toodete RSS-voog"
"Product RSS feed","Toodete RSS-voog"
"Product RSS feed for the Smaily template editor:","Toodete RSS-voog Smaily mallide redaktori jaoks:"
"Queued — the import starts on the next scheduled run…","Järjekorras — import käivitub järgmisel ajastatud käivitusel…"
"Queued today","Täna järjekorda pandud"
"Quick links","Kiirlingid"
"re-run the guided setup at any time; your settings are kept","käivita juhendatud seadistus igal ajal uuesti; sinu seaded säilivad"
"Re-sent from event #%1 by %2 on %3","Uuesti saadetud sündmuse #%1 põhjal, saatis %2 kuupäeval %3"
"Recent activity","Viimane tegevus"
"recommended","soovitatav"
"Recommended","Soovitatud"
"redacted","varjatud"
"Refresh workflows","Värskenda töövooge"
"Resume setup","Jätka seadistamist"
"Retry","Proovi uuesti"
"Retry events","Proovi sündmusi uuesti"
"Retry the selected failed events?","Kas proovida valitud ebaõnnestunud sündmusi uuesti?"
"Review failures","Vaata ebaõnnestumised üle"
"Review the log under Marketing > Smaily Connect > Log and retry the failed rows.","Vaata logi menüüs Turundus > Smaily Connect > Logi ja proovi ebaõnnestunud read uuesti."
"RSS","RSS"
"Save","Salvesta"
"Save automations","Salvesta automaatikad"
"Save Connection","Salvesta ühendus"
"Save Contacts","Salvesta kontaktid"
"Save Intelligence Automations","Salvesta Intelligence'i automaatikad"
"Save Preference","Salvesta eelistus"
"Saved.","Salvestatud."
"Saving failed.","Salvestamine ebaõnnestus."
"Saving failed: %1","Salvestamine ebaõnnestus: %1"
"Saving…","Salvestan…"
"Script live on storefront","Skript on poes aktiivne"
"Send again","Saada uuesti"
"Send this event again? A new attempt is queued; the failed row is kept as history.","Kas saata see sündmus uuesti? Järjekorda pannakse uus katse; ebaõnnestunud rida jääb ajaloona alles."
"Send your existing data to the engine in the background — one chunk per cron minute. Imports are resumable and safe to re-run: deliveries are deduplicated on the receiving side.","Saada oma olemasolevad andmed mootorisse taustal — üks tükk iga croni minuti kohta. Importe saab jätkata ja neid on ohutu uuesti käivitada: saadetised dedubleeritakse vastuvõtja poolel."
"Sending","Saatmisel"
"Sends anonymized browsing events (product views, searches, cart activity) to the engine. Respects Magento cookie restriction mode. Off by default.","Saadab mootorisse anonümiseeritud sirvimissündmused (tootevaatamised, otsingud, ostukorvitegevus). Arvestab Magento küpsiste piirangurežiimiga. Vaikimisi väljas."
"Sensitive values (passwords, API keys) are never shown here, and email addresses are masked.","Tundlikke väärtusi (paroolid, API võtmed) siin kunagi ei näidata ja e-posti aadressid on maskitud."
"Sent","Saadetud"
"Settings","Seaded"
"Setup incomplete","Seadistus on pooleli"
"Setup is not finished yet — complete the initial setup to start syncing.","Seadistamine pole veel lõpetatud — sünkroonimise alustamiseks läbi algseadistus."
"Setup token is empty or unrecognized","Seadistusvõti on tühi või tundmatu"
"Setup Token or URL","Seadistusvõti või -URL"
"Setup URL or token from Smaily","Smailylt saadud seadistus-URL või -võti"
"Show a newsletter checkbox at checkout","Näita kassas uudiskirja märkeruutu"
"Show failed (24h)","Näita ebaõnnestunuid (24 h)"
"Show Newsletter Checkbox At Checkout","Näita kassas uudiskirja märkeruutu"
"Single language","Üks keel"
"Smaily","Smaily"
"Smaily account for %1","Smaily konto keelele %1"
"Smaily API credentials are not configured (store scope: %1)","Smaily API kasutajaandmed on seadistamata (poe skoop: %1)"
"Smaily API credentials were rejected","Smaily lükkas API kasutajaandmed tagasi"
"Smaily API request failed with HTTP %1","Smaily API päring ebaõnnestus (HTTP %1)"
"Smaily API request failed: %1","Smaily API päring ebaõnnestus: %1"
"Smaily API returned a malformed response body","Smaily API tagastas vigase vastuse"
"Smaily API returned code %1: %2","Smaily API tagastas koodi %1: %2"
"Smaily Campaign Intelligence is unreachable","Smaily Campaign Intelligence pole kättesaadav"
"Smaily Connect","Smaily Connect"
"Smaily Connect is now syncing in near-real-time. Here is where everything lives from now on:","Smaily Connect sünkroonib nüüd peaaegu reaalajas. Edaspidi leiad kõik siit:"
"Smaily Connect is ready to set up","Smaily Connect on seadistamiseks valmis"
"Smaily Connect is running, but %1 delivery(ies) failed in the last 24 hours.","Smaily Connect töötab, kuid viimase 24 tunni jooksul ebaõnnestus %1 saadetis(t)."
"Smaily Connect is running, but Campaign Intelligence is currently unreachable — data is queued locally and will sync when it recovers.","Smaily Connect töötab, kuid Campaign Intelligence on hetkel kättesaamatu — andmed on kohalikus järjekorras ja sünkroonitakse, kui ühendus taastub."
"Smaily Connect was upgraded to version %1","Smaily Connect uuendati versioonile %1"
"Smaily Connect — Dashboard","Smaily Connect — töölaud"
"Smaily Connect — Initial setup","Smaily Connect — algseadistus"
"Smaily Connect — Log","Smaily Connect — logi"
"Smaily Connect — Settings","Smaily Connect — seaded"
"Smaily Connect: %1 events failed in the last 24 hours","Smaily Connect: viimase 24 tunni jooksul ebaõnnestus %1 sündmust"
"Smaily connection verified — the API credentials work.","Smaily ühendus kinnitatud — API kasutajaandmed töötavad."
"Smaily is refusing every request because this account's package does not include API access. Contact sync and email automations stay stopped until the account is on a package that includes it — waiting will not restore them, and the credentials cannot be checked until then.","Smaily keeldub igast päringust, sest selle konto pakett ei sisalda API-ligipääsu. Kontaktide sünkroonimine ja e-posti automaatikad jäävad seisma, kuni konto on paketil, mis seda sisaldab — ootamine neid ei taasta ja kasutajaandmeid ei saa enne seda kontrollida."
"Smaily refused the request because this account's package does not include API access. Upgrade the package in Smaily to connect — until then the credentials cannot be checked at all.","Smaily keeldus päringust, sest selle konto pakett ei sisalda API-ligipääsu. Ühendamiseks uuenda Smailys paketti — enne seda ei saa kasutajaandmeid üldse kontrollida."
"Smaily rejected these credentials. Check the subdomain, username and password.","Smaily lükkas need kasutajaandmed tagasi. Kontrolli alamdomeeni, kasutajanime ja parooli."
"Smaily Workflow","Smaily töövoog"
"Sort by","Sordi"
"Sort order","Sortimise suund"
"Source","Allikas"
"Start import","Alusta importi"
"Status","Olek"
"Step %1 of %2","%1. samm %2-st"
"Stopped after %1 of %2 attempts — retrying could not change the outcome, so this row will NOT retry on its own. Fix the cause shown below, then select it in the log and press Retry.","Peatus pärast %1 katset %2-st — kordamine ei muudaks tulemust, seega see rida EI proovi enam ise uuesti. Kõrvalda allpool näidatud põhjus, seejärel vali rida logis ja vajuta Proovi uuesti."
"Stopped before an error — %1 of %2 synced so far. Press the import button to run it again.","Peatus enne viga — seni sünkroonitud %1 / %2. Uuesti käivitamiseks vajuta impordinuppu."
"Store views with the %1 language sync their contacts and automations to this account.","Poevaated keelega %1 sünkroonivad oma kontaktid ja automaatikad sellele kontole."
"Storefront Browse Tracking","Poe sirvimise jälgimine"
"Subdomain","Alamdomeen"
"Subdomain and username are required.","Alamdomeen ja kasutajanimi on kohustuslikud."
"Subscribe to our newsletter","Liitu meie uudiskirjaga"
"Subscriber Synchronization","Tellijate sünkroonimine"
"Subscribers only (consent)","Ainult turunduskirjade tellijad (nõusolekuga)"
"Subscription type","Tellimuse tüüp"
"Subscription Type","Tellimuse tüüp"
"Suppress Magento's own newsletter confirmation and unsubscription emails so Smaily automations handle them instead.","Jäta Magento enda uudiskirja kinnitus- ja loobumiskirjad ära, et nendega tegeleks Smaily automaatikad."
"Switching the multilingual mode changes how contacts and automations are routed. Per-language accounts and workflow mappings that no longer apply stop being used (per-store-view credentials are removed on save). Continue?","Mitmekeelse režiimi vahetamine muudab kontaktide ja automaatikate suunamist. Keelepõhised kontod ja töövoovastendused, mis enam ei kehti, jäävad kasutusest välja (poevaatepõhised kasutajaandmed eemaldatakse salvestamisel). Kas jätkata?"
"Sync contacts to Smaily","Sünkroniseeri kontaktid Smailysse"
"Synchronization settings","Sünkroniseerimise seaded"
"Synchronize newsletter subscribers between this store and Smaily.","Sünkrooni uudiskirja tellijad selle poe ja Smaily vahel."
"Synchronized Fields","Sünkroonitavad väljad"
"Syncing starts once Smaily accepts the credentials — check them in Settings > Connection and test the connection. Here is where everything lives from now on:","Sünkroonimine algab, kui Smaily on kasutajaandmed vastu võtnud — kontrolli neid jaotises Seaded > Ühendus ja testi ühendust. Edaspidi leiad kõik siit:"
"Test connection","Testi ühendust"
"Test Emails","Test-aadressid"
"Test Mode","Testrežiim"
"Test mode","Testrežiim"
"Testing…","Testin…"
"Tests the credentials entered above without saving. Workflow dropdowns below refresh automatically after a successful test.","Testib ülal sisestatud kasutajaandmeid ilma salvestamata. Allolevad töövoovalikud värskenevad pärast õnnestunud testi automaatselt."
"That cart is no longer available.","See ostukorv pole enam saadaval."
"That setting is not managed by Smaily Connect, so it was not touched.","See säte pole Smaily Connecti hallata, seega jäi see puutumata."
"The %1 account","%1 konto"
"The automation receives the cart contents (up to 10 products) and a recovery link that restores the exact cart.","Automaatika saab kaasa ostukorvi sisu (kuni 10 toodet) ja taastamislingi, mis taastab täpselt sama ostukorvi."
"The configuration was saved, but Smaily refused the check because this account's package does not include API access. Synchronization will not work until the account is on a package that includes it — until then the credentials cannot be checked.","Seadistus salvestati, kuid Smaily keeldus kontrollist, sest selle konto pakett ei sisalda API-ligipääsu. Sünkroonimine ei tööta enne, kui konto on paketil, mis seda sisaldab — seni ei saa kasutajaandmeid kontrollida."
"The configuration was saved, but Smaily rejected the API credentials. Check the subdomain, username and password — synchronization will not work until they are correct.","Seadistus salvestati, kuid Smaily lükkas API kasutajaandmed tagasi. Kontrolli alamdomeeni, kasutajanime ja parooli — sünkroonimine ei tööta enne, kui need on õiged."
"The default fallback handles contacts whose language is not mapped. Leave it on ""None"" to fall back to the default workflow above.","Vaikimisi varuvalik käsitleb kontakte, kelle keel pole vastendatud. Jäta valikuks „Puudub“, et kasutada ülalolevat vaikimisi töövoogu."
"The engine answered with an address that is not an https address on %1, so the connection was not saved.","Mootor vastas aadressiga, mis ei ole https-aadress domeenil %1, seega ühendust ei salvestatud."
"The engine has not responded for over an hour (%1). Data is queued locally and will sync when the connection recovers.","Mootor pole vastanud üle tunni (%1). Andmed on kohalikus järjekorras ja sünkroonitakse, kui ühendus taastub."
"The event could not be queued again — please try again.","Sündmust ei õnnestunud uuesti järjekorda panna — palun proovi uuesti."
"the full merchant documentation: every feature, setting and troubleshooting steps","täielik kaupmehe dokumentatsioon: kõik funktsioonid, seadistused ja veaotsingu sammud"
"The one-time token is exchanged immediately and never stored.","Ühekordne võti vahetatakse kohe ja seda ei salvestata."
"The product feed for the Smaily template editor is served at <strong>{store URL}smaily/rss/feed</strong>. Optional query parameters: <em>category</em> (category ID), <em>limit</em> (1-250, default 50), <em>sort</em> (created_at, updated_at, name, price), <em>order</em> (asc, desc). Example: https://example.com/smaily/rss/feed?category=12&limit=100&sort=updated_at","Tootevoog Smaily mallide redaktori jaoks asub aadressil <strong>{store URL}smaily/rss/feed</strong>. Valikulised parameetrid: <em>category</em> (kategooria ID), <em>limit</em> (1-250, vaikimisi 50), <em>sort</em> (created_at, updated_at, name, price), <em>order</em> (asc, desc). Näide: https://example.com/smaily/rss/feed?category=12&limit=100&sort=updated_at"
"The setup URL must be an https address on %1.","Seadistus-URL peab olema https-aadress domeenil %1."
"The Smaily credentials are missing or Smaily has not accepted them — check them in Settings > Connection and test the connection.","Smaily kasutajaandmed puuduvad või Smaily pole neid vastu võtnud — kontrolli neid jaotises Seaded > Ühendus ja testi ühendust."
"The subdomain must be a plain Smaily subdomain such as ""demo"": letters, digits and hyphens only.","Alamdomeen peab olema lihtne Smaily alamdomeen, näiteks „demo“: ainult tähed, numbrid ja sidekriipsud."
"Campaign Intelligence uses your store’s product, customer and order data to create personalised product recommendations for Smaily campaigns and automations. This helps you send more relevant emails with less manual work.","Campaign Intelligence kasutab sinu poe toote-, kliendi- ja tellimuseandmeid, et luua Smaily kampaaniate ja automaatikate jaoks personaalseid tootesoovitusi. Nii saad saata asjakohasemaid kirju vähema käsitööga."
"Campaign Intelligence is an optional paid add-on (€250/month), added to your regular Smaily monthly payment. Contact Smaily to activate it, or set it up later.","Campaign Intelligence on valikuline tasuline lisateenus (250 €/kuus), mis lisandub sinu tavapärasele Smaily kuumaksele. Aktiveerimiseks võta Smailyga ühendust või seadista see hiljem."
"These automations run inside the Campaign Intelligence engine and fire the mapped Smaily workflow. Every trigger starts disabled and in test mode — nothing reaches real customers without your explicit action.","Need automaatikad töötavad Campaign Intelligence'i mootoris ja käivitavad seotud Smaily töövoo. Iga päästik alustab välja lülitatuna ja testrežiimis — miski ei jõua päris klientideni ilma sinu selgesõnalise tegevuseta."
"These engine-run automations (replenishment reminders, win-back and more) become available once Campaign Intelligence is connected.","Need mootoris töötavad automaatikad (varude täiendamise meeldetuletused, tagasivõitmine ja muud) muutuvad kättesaadavaks, kui Campaign Intelligence on ühendatud."
"This cart link has expired.","See ostukorvi link on aegunud."
"This contact's data was erased; the event cannot be re-sent.","Selle kontakti andmed on kustutatud; sündmust ei saa uuesti saata."
"This install has more than one website. Pick the one to connect — you can run the initial setup again for each of the others.","Sellel paigaldusel on rohkem kui üks veebisait. Vali see, mida seadistada — algseadistuse saab hiljem iga teise veebisaidi jaoks uuesti läbida."
"This is a lawful-basis choice. Pick the preset that matches how you have asked your customers for permission — you can change it later under Configuration.","See on õigusliku aluse valik. Vali eelseadistus, mis vastab sellele, kuidas oled klientidelt luba küsinud — hiljem saab seda seadistuses muuta."
"This log row no longer exists — it has likely been pruned by retention.","Seda logirida ei ole enam olemas — tõenäoliselt on see säilitusreegli järgi kustutatud."
"This reminder was withdrawn because the shopper completed the purchase; it cannot be re-sent.","See meeldetuletus võeti tagasi, sest ostja viis ostu lõpule; seda ei saa uuesti saata."
"Tip: make sure the Magento cron runs every minute — deliveries are queued and flushed by the smaily_connect cron group.","Vihje: veendu, et Magento cron käivitub iga minut — järjekorda pandud saadetised saadab välja smaily_connect cron-grupp."
"Treat every store view the same: one Smaily account and one workflow per automation.","Kohtle kõiki poevaateid ühtmoodi: üks Smaily konto ja üks töövoog automaatika kohta."
"Trigger","Päästik"
"Trigger Smaily automation workflows on store events. Workflow lists load from your Smaily account after the API connection is saved. In per-language multilingual modes, per-language workflow mappings override these defaults.","Käivita poe sündmustel Smaily automaatika töövooge. Töövoogude loendid laaditakse sinu Smaily kontolt pärast API ühenduse salvestamist. Keelepõhistes mitmekeelsetes režiimides on keelepõhised töövoo seosed nende vaikeväärtuste ees ülimuslikud."
"Type","Tüüp"
"Unknown automation trigger ""%1"".","Tundmatu automaatika päästik ""%1""."
"Unknown ingest domain ""%1""","Tundmatu andmevoo domeen „%1“"
"Unknown wizard step ""%1"".","Tundmatu viisardi samm „%1“."
"Unreachable","Kättesaamatu"
"Updated","Uuendatud"
"Used when a contact's language cannot be matched to any account. Its credentials also serve every scope without a per-language override.","Kasutusel siis, kui kontakti keelt ei õnnestu ühegi kontoga sobitada. Selle kasutajaandmed teenindavad ka kõiki skoope, millel keelepõhist erandit pole."
"User Guide","Kasutusjuhend"
"Verify","Kontrolli"
"View failed deliveries","Vaata ebaõnnestunud saatmisi"
"View full log","Vaata täislogi"
"View them in the Log","Vaata neid logis"
"Wait (minutes)","Ooteaeg (minutites)"
"Waiting for the next queue flush (runs every minute).","Ootab järgmist järjekorra töötlust (käivitub iga minut)."
"Want a different workflow per language? Pick a per-language mode on the Connection panel.","Soovid igale keelele eri töövoogu? Vali ühenduse paneelil keelepõhine režiim."
"We could not load your personalization preference right now. Please try again later.","Me ei saanud praegu sinu personaliseerimise eelistust laadida. Palun proovi hiljem uuesti."
"We use your shopping activity to personalize product recommendations in our newsletters. You can opt out at any time; newsletters will then show generic content.","Kasutame sinu ostutegevust, et personaliseerida meie uudiskirjade tootesoovitusi. Saad igal ajal loobuda; seejärel näitavad uudiskirjad üldist sisu."
"Website","Veebisait"
"Welcome","Tervitus"
"Welcome Workflow","Tervituse töövoog"
"Welcome — fires when someone becomes a subscriber","Tervitus — käivitub, kui keegi saab tellijaks"
"Which website are you setting up?","Millist veebisaiti seadistad?"
"Withdrawn","Tagasi võetud"
"Workflow","Töövoog"
"Workflow #%1 (not in your Smaily list — kept)","Töövoog #%1 (pole sinu Smaily loendis — säilitatud)"
"You are all set!","Kõik on valmis!"
"You can find or create API credentials in Smaily under Preferences > API. The password is stored encrypted and never leaves your server.","API kasutajaandmed leiad või lood Smailys menüüst Preferences > API. Parool salvestatakse krüpteeritult ega lahku kunagi sinu serverist."
"Your Campaign Intelligence account is not active","Sinu Campaign Intelligence'i konto ei ole aktiivne"
"Your personalization preference has been saved.","Sinu personaliseerimise eelistus on salvestatud."
"Your Smaily API credentials for this store.","Sinu Smaily API andmed selle poe jaoks."
"Your Smaily subdomain. For example, if your Smaily URL is https://demo.sendsmaily.net, enter ""demo"". Pasting the full URL also works.","Sinu Smaily alamdomeen. Näiteks kui sinu Smaily URL on https://demo.sendsmaily.net, sisesta „demo“. Sobib ka täieliku URL-i kleepimine."
"Your store has %1, %2 and %3. The import runs in the background, a chunk per minute, and never slows the storefront down.","Sinu poes on %1, %2 ja %3. Import töötab taustal, üks tükk minutis, ega aeglusta kunagi poe tööd."
"Your store views speak %1 languages (%2). Pick how contacts and automations should route between them — the sections below adapt right away.","Sinu poevaated räägivad %1 keelt (%2). Vali, kuidas kontaktid ja automaatikad nende vahel suunduvad — allolevad jaotised kohanduvad kohe."
